[
    {
        "_id": "60791a7350b72a58dcd71a1f",
        "name": "Shahbaj",
        "designation": "CEO, Mama Jaben.",
        "description": "Excepteur sint occaecat cupidatat non proident, sunt in culpa qui officia deserunt mollit anim id est laborum."
    },
    {
        "_id": "607c3e0412b2953a045d9303",
        "name": "David Smith",
        "designation": "CEO, XYZ Company",
        "description": "Ut enim ad minim veniam, quis  ullamco laboris nisi ut aliquip ex ea commodo consequat. Duis aute irure dolor in reprehenderit in voluptate velit esse cillum dolore eu fugiat nulla pariatur."
    },
    {
        "_id": "607c3e4d12b2953a045d9304",
        "name": "Luke Shaw",
        "designation": "Accountant, ABCD Bank",
        "description": "Excepteur sint occaecat cupidatat non proident, sunt in culpa qui officia deserunt mollit anim id est laborum."
    },
    {
        "_id": "607ff663c236bd20154d8227",
        "name": "Fardin",
        "designation": "CEO, Evergreen-shop.com",
        "description": "Excepteur sint occaecat cupidatat non proident, sunt in culpa qui officia deserunt mollit anim id est laborum."
    },
    {
        "_id": "607ff663c236bd01154d8227",
        "name": "Fahim",
        "designation": "CEO, Evergreen-shop.com",
        "description": "Excepteur sint occaecat cupidatat non proident, sunt in culpa qui officia deserunt mollit anim id est laborum."
    },
    {
        "_id": "607ff663c236bd00154d1227",
        "name": "Shahin",
        "designation": "CEO, Evergreen-shop.com",
        "description": "Excepteur sint occaecat cupidatat non proident, sunt in culpa qui officia deserunt mollit anim id est laborum."
    }
]